gene,frequency
nUMI,1.0
CG9377,1.0
Fas1,1.0
RpS14b,1.0
Gapdh1,1.0
Ggamma1,1.0
Pur-alpha,1.0
nrv2,1.0
CG13117,1.0
mt:lrRNA,1.0
mt:CoIII,1.0
CG3793,1.0
mt:ND6,1.0
sta,1.0
Tob,1.0
TM4SF,1.0
CG42340,1.0
Hasp,1.0
Hsromega,1.0
GluClalpha,0.98
roX2,0.98
dpr21,0.98
CG34423,0.98
Hr38,0.98
Gapdh2,0.98
cathD,0.96
jdp,0.96
ssx,0.96
ATPsynF,0.96
CR44272,0.96
CG31808,0.96
Hsp83,0.94
ChAT,0.94
chrb,0.92
CG8034,0.92
Hs3st-A,0.92
CG42541,0.92
Tsp42Ed,0.92
Vang,0.92
CG7781,0.9
kcc,0.9
Cbp53E,0.9
CG8507,0.88
Ppcs,0.88
CG14985,0.86
CG42392,0.86
CG17219,0.84
cv-2,0.82
CDK2AP1,0.82
COX6B,0.82
COX5A,0.82
CG32259,0.8
mt:ND3,0.8
mt:ND4,0.8
CG15784,0.8
CG44102,0.78
Mipp2,0.78
NPF,0.76
eEF1alpha1,0.76
CR44690,0.74
CR44813,0.7
CG32264,0.7
MtnE,0.7
Tsf1,0.7
Sidpn,0.66
Pde9,0.66
DhpD,0.66
chinmo,0.64
CG14340,0.64
l(2)k09848,0.62
Xrp1,0.6
CG41378,0.58
ver,0.58
Rab27,0.58
NitFhit,0.58
CG9328,0.54
Hsp26,0.54
RluA-2,0.52
Obp44a,0.5
CG7708,0.5
eag,0.5
dpr1,0.48
Mpcp2,0.48
CG8369,0.48
CG11000,0.46
CG7627,0.46
Dh44,0.44
dgt2,0.44
nkd,0.44
Bsg25D,0.44
glob1,0.42
TwdlG,0.42
CR40469,0.42
nAChRalpha6,0.42
Gpdh,0.38
CG6833,0.36
RpLP2,0.34
GM130,0.34
CG4004,0.34
CG9062,0.32
Ptp10D,0.32
CG11768,0.32
mub,0.32
CG10353,0.32
CG42540,0.32
Rbp1-like,0.3
mt:ND4L,0.3
ND-B22,0.3
put,0.3
CR45332,0.3
Dscam4,0.3
CR45683,0.28
CG11178,0.26
Act5C,0.26
inaC,0.26
Ten-a,0.26
Cyt-c-p,0.26
Pabp2,0.26
mAChR-B,0.24
Nca,0.24
Rack1,0.24
CG4854,0.24
kirre,0.24
CG34351,0.22
CCDC53,0.22
dpr11,0.22
CG43338,0.22
mfrn,0.22
MRE16,0.22
Snap25,0.22
CG42694,0.22
CG11835,0.2
CG5509,0.2
CG5773,0.2
CG12822,0.2
CG6204,0.2
Taf11,0.2
tef,0.2
CG43324,0.18
Hug,0.18
kek3,0.18
CG11436,0.18
CG15579,0.18
ND-ACP,0.18
tth,0.18
CG32333,0.18
Mulk,0.18
CG2974,0.18
CG42346,0.18
GC2,0.18
CG14762,0.18
CG42524,0.18
GstO3,0.18
CR45111,0.18
Tet,0.16
shv,0.16
slp2,0.16
VAChT,0.16
wisp,0.16
COX8,0.16
CG2321,0.16
CG31174,0.16
CG42313,0.16
dl,0.16
2mit,0.14
CR46004,0.14
CG14989,0.14
Ggamma30A,0.14
CG42259,0.14
RpLP1,0.14
CG33181,0.14
CG42240,0.14
CG14086,0.14
CG34155,0.14
nolo,0.14
CG9986,0.12
Wee1,0.12
CG31675,0.12
Trh,0.12
c12.2,0.12
CG8405,0.12
stmA,0.12
CG32700,0.1
RpL39,0.1
CG11168,0.1
sky,0.1
Rlb1,0.1
Octbeta2R,0.1
per,0.1
Imp,0.1
CG14621,0.1
Ptp99A,0.1
CG18467,0.1
CG33267,0.1
Tsf2,0.1
su(w[a]),0.08
ST6Gal,0.08
CG16972,0.08
CG4045,0.08
CG45081,0.08
CG4858,0.08
Nlg2,0.08
nAChRalpha1,0.08
CG7222,0.08
CG1552,0.08
Ace,0.08
CG7239,0.08
CG2662,0.08
CG7381,0.08
CG8273,0.08
Hel89B,0.08
CR45620,0.08
CG15201,0.06
CG3065,0.06
CG6512,0.06
CG42784,0.06
Cc2d2a,0.06
bdg,0.06
DnaJ-1,0.06
Ktl,0.06
hig,0.06
l(3)02640,0.06
JhI-21,0.06
stv,0.06
Ada3,0.06
18w,0.06
wake,0.06
CG32052,0.06
CG8771,0.06
mt:ND2,0.06
Lsm10,0.06
NLaz,0.06
Act79B,0.06
CG2016,0.06
Tsp42El,0.06
Ppt1,0.04
Pgi,0.04
CG43729,0.04
CG43737,0.04
CG12402,0.04
phr6-4,0.04
glec,0.04
CG4409,0.04
CG30197,0.04
Syx1A,0.04
CG6154,0.04
CG6418,0.04
CG15385,0.04
CG16952,0.04
comt,0.04
CR6900,0.04
CG3309,0.04
CG9650,0.04
MED31,0.04
CG11319,0.04
snoRNA:Or-CD2,0.04
mGluR,0.04
Sod3,0.04
Sema2b,0.04
Uhg4,0.04
Shroom,0.04
CG7341,0.04
AttB,0.04
Hsp70Bb,0.04
CG12717,0.04
DIP-eta,0.04
Ddc,0.04
fz2,0.04
ldbr,0.04
IRSp53,0.04
Ir25a,0.04
CG43902,0.02
CG43693,0.02
Taf5,0.02
Taf7,0.02
Ssu72,0.02
spri,0.02
CG42342,0.02
ssp,0.02
CG3714,0.02
CG6218,0.02
CG13071,0.02
Gat,0.02
Nf-YC,0.02
nonA-l,0.02
ogre,0.02
nrv1,0.02
bru1,0.02
Picot,0.02
Gem2,0.02
RapGAP1,0.02
CG43759,0.02
CG31323,0.02
CG1885,0.02
CG31475,0.02
grim,0.02
GlcAT-P,0.02
Elp1,0.02
esn,0.02
hth,0.02
kay,0.02
Hsp23,0.02
CG1146,0.02
Gyc89Db,0.02
Hsp70Bc,0.02
hbs,0.02
GstD9,0.02
jigr1,0.02
jeb,0.02
Lmpt,0.02
CG12655,0.02
CG10947,0.02
CG10959,0.02
CR18275,0.02
CR43651,0.02
CR44092,0.02
CR44320,0.02
CR45557,0.02
CR44832,0.02
CR46268,0.02
CR45815,0.02
CG13409,0.02
Cyp28d1,0.02
CstF64,0.02
crok,0.02
CG13300,0.02
CG14186,0.02
CG13739,0.02
CG13876,0.02
ecd,0.02
Eaat1,0.02
dpr6,0.02
CG14183,0.02
Debcl,0.02
DNaseII,0.02
dpr16,0.02
DppIII,0.02
eIF2Bbeta,0.02
dpr5,0.02
GstZ2,0.02
FoxP,0.02
Fer2,0.02
eys,0.02
CG8239,0.02
CG8878,0.02
beat-Ia,0.02
Snm1,0.02
CG1103,0.02
mamo,0.02
mei-41,0.02
mt:srRNA,0.02
Ms,0.02
Mlh1,0.02
mt:ND5,0.02
mtt,0.02
CG9992,0.02
CG9837,0.02
CG14752,0.02
SmydA-4,0.02
CG33639,0.02
CG10514,0.02
roX1,0.02
RhoGAP18B,0.02
RpS12,0.02
roq,0.02
rush,0.02
Rrp6,0.02
Shawl,0.02
Scp2,0.02
side,0.02
Bap170,0.02
CG6785,0.02
CG6891,0.02
ap,0.02
CG6959,0.02
ATPsynD,0.02
Atg13,0.02
28SrRNA-Psi:CR45859,0.0
5-HT2A,0.0
5-HT2B,0.0
ab,0.0
Ac13E,0.0
Ac76E,0.0
Ac78C,0.0
ACC,0.0
Achl,0.0
acj6,0.0
Actn,0.0
ADD1,0.0
Adh,0.0
AdoR,0.0
Ady43A,0.0
Ag5r,0.0
AGBE,0.0
AlaRS,0.0
Ald,0.0
Alg10,0.0
Alh,0.0
alphagamma-element:CR32865,0.0
alpha-Man-Ia,0.0
alpha-Man-IIa,0.0
Tsp5D,0.0
tsr,0.0
tst,0.0
Ttd14,0.0
ttk,0.0
tut,0.0
TwdlT,0.0
TwdlW,0.0
AstC-R1,0.0
AstC-R2,0.0
Asx,0.0
Atac3,0.0
Atg4b,0.0
ato,0.0
ATP8B,0.0
ATPsynepsilonL,0.0
arx,0.0
ash1,0.0
AsnS,0.0
Asph,0.0
AstA,0.0
AstA-R1,0.0
AstC,0.0
AstCC,0.0
apolpp,0.0
app,0.0
aralar1,0.0
Arc1,0.0
Arf51F,0.0
Argk,0.0
Arp2,0.0
aru,0.0
CG30463,0.0
CG30466,0.0
CG30491,0.0
CG31036,0.0
CG1792,0.0
CG17985,0.0
CG18012,0.0
CG18067,0.0
CG30156,0.0
CG30157,0.0
CG30158,0.0
CG30271,0.0
CG30285,0.0
CG30356,0.0
CG30419,0.0
CG30428,0.0
CG30001,0.0
CG30020,0.0
CG30022,0.0
CG30053,0.0
CG30060,0.0
CG30069,0.0
CG3009,0.0
CG30116,0.0
CG2658,0.0
CG2837,0.0
CG2852,0.0
CG2865,0.0
CG2889,0.0
CG2938,0.0
CG2982,0.0
CG2993,0.0
CG31125,0.0
CG31157,0.0
CG31176,0.0
CG31195,0.0
CG31221,0.0
CG31224,0.0
CG31248,0.0
CG31251,0.0
CG2162,0.0
CG2201,0.0
CG2202,0.0
CG2209,0.0
CG2225,0.0
CG2247,0.0
CG2269,0.0
CG2556,0.0
CG18599,0.0
CG18809,0.0
CG18815,0.0
CG1983,0.0
CG2004,0.0
CG2023,0.0
CG2064,0.0
CG2082,0.0
CG1809,0.0
CG18135,0.0
CG1815,0.0
CG18208,0.0
CG1824,0.0
CG18528,0.0
CG18577,0.0
CG18598,0.0
CG32075,0.0
CG32112,0.0
CG32113,0.0
CG32163,0.0
CG32195,0.0
CG32196,0.0
CG32204,0.0
CG32243,0.0
CG31815,0.0
CG31817,0.0
CG31904,0.0
CG3191,0.0
CG31957,0.0
CG31974,0.0
CG31997,0.0
CG32017,0.0
CG31674,0.0
CG31676,0.0
CG3168,0.0
CG31705,0.0
CG31706,0.0
CG31759,0.0
CG31760,0.0
CG31814,0.0
CG31324,0.0
CG31345,0.0
CG31368,0.0
CG31457,0.0
CG31510,0.0
CG31523,0.0
CG31637,0.0
CG31638,0.0
CG33080,0.0
CG33143,0.0
CG33158,0.0
CG33230,0.0
CG33260,0.0
CG3328,0.0
CG33293,0.0
CG33298,0.0
CG32732,0.0
CG32808,0.0
CG32813,0.0
CG32816,0.0
CG32856,0.0
CG32982,0.0
CG33052,0.0
CG3308,0.0
CG32457,0.0
CG32506,0.0
CG32532,0.0
CG32547,0.0
CG32625,0.0
CG32683,0.0
CG32698,0.0
CG3270,0.0
CG32280,0.0
CG32284,0.0
CG32365,0.0
CG32368,0.0
CG32369,0.0
CG32373,0.0
CG32392,0.0
CG32432,0.0
CG34357,0.0
CG34367,0.0
CG34371,0.0
CG34384,0.0
CG34393,0.0
CG34402,0.0
CG34417,0.0
CG3511,0.0
CG34219,0.0
CG34232,0.0
CG34247,0.0
CG34347,0.0
CG34348,0.0
CG34353,0.0
CG34354,0.0
CG34355,0.0
CG34113,0.0
CG34114,0.0
CG34126,0.0
CG34133,0.0
CG34134,0.0
CG34136,0.0
CG34149,0.0
CG34195,0.0
CG33521,0.0
CG33543,0.0
CG33666,0.0
CG33673,0.0
CG3368,0.0
CG33941,0.0
CG33958,0.0
CG3408,0.0
CG42233,0.0
CG42235,0.0
CG42302,0.0
CG42326,0.0
CG1622,0.0
CG1648,0.0
CG1667,0.0
CG16743,0.0
CG4049,0.0
CG4069,0.0
CG4074,0.0
CG4078,0.0
CG4080,0.0
CG4089,0.0
CG4186,0.0
CG4199,0.0
CG3711,0.0
CG3713,0.0
CG3726,0.0
CG3764,0.0
CG3838,0.0
CG3842,0.0
CG3940,0.0
CG3961,0.0
CG3530,0.0
CG3570,0.0
CG3587,0.0
CG3618,0.0
CG3626,0.0
CG3632,0.0
CG3651,0.0
CG3655,0.0
CG17839,0.0
CG42390,0.0
CG42394,0.0
CG42402,0.0
CG42458,0.0
CG4250,0.0
CG42566,0.0
CG42594,0.0
CG17712,0.0
CG17716,0.0
CG17739,0.0
CG17760,0.0
CG17777,0.0
CG17778,0.0
CG17802,0.0
CG17803,0.0
CG17278,0.0
CG17333,0.0
CG17360,0.0
CG1738,0.0
CG17568,0.0
CG17593,0.0
CG17646,0.0
CG17691,0.0
CG16753,0.0
CG16863,0.0
CG1688,0.0
CG16896,0.0
CG17026,0.0
CG17068,0.0
CG17167,0.0
CG17186,0.0
CG43795,0.0
CG43861,0.0
CG44153,0.0
CG44247,0.0
CG44314,0.0
CG44325,0.0
CG44422,0.0
CG4452,0.0
CG43322,0.0
CG43340,0.0
CG43343,0.0
CG43366,0.0
CG43373,0.0
CG4341,0.0
CG43658,0.0
CG43689,0.0
CG42807,0.0
CG4294,0.0
CG4297,0.0
CG4302,0.0
CG43143,0.0
CG43222,0.0
CG43232,0.0
CG4328,0.0
CG42613,0.0
CG42663,0.0
CG42673,0.0
CG42674,0.0
CG42675,0.0
CG42747,0.0
CG42750,0.0
CG42788,0.0
CG4972,0.0
CG5004,0.0
CG5010,0.0
CG5038,0.0
CG5044,0.0
CG5071,0.0
CG5079,0.0
CG5096,0.0
CG4788,0.0
CG4797,0.0
CG4848,0.0
CG4880,0.0
CG4935,0.0
CG4936,0.0
CG4949,0.0
CG4951,0.0
CG4586,0.0
CG46281,0.0
CG4629,0.0
CG46301,0.0
CG46335,0.0
CG4679,0.0
CG4716,0.0
CG4766,0.0
CG4455,0.0
CG44837,0.0
CG45071,0.0
CG45263,0.0
CG4554,0.0
CG4557,0.0
CG4577,0.0
CG45781,0.0
CG6136,0.0
CG6178,0.0
CG6287,0.0
CG6357,0.0
CG6465,0.0
CG6470,0.0
CG6488,0.0
CG6503,0.0
CG5885,0.0
CG5890,0.0
CG5895,0.0
CG5968,0.0
CG5969,0.0
CG6006,0.0
CG6044,0.0
CG6123,0.0
CG5516,0.0
CG5549,0.0
CG5608,0.0
CG5626,0.0
CG5645,0.0
CG5800,0.0
CG5850,0.0
CG5877,0.0
CG5098,0.0
CG5147,0.0
CG5149,0.0
CG5290,0.0
CG5359,0.0
CG5404,0.0
CG5439,0.0
CG5455,0.0
CG15927,0.0
CG1602,0.0
CG1603,0.0
CG6569,0.0
CG6650,0.0
CG6686,0.0
CG6689,0.0
CG6700,0.0
CG15602,0.0
CG15628,0.0
CG15666,0.0
CG15706,0.0
CG1572,0.0
CG15765,0.0
CG15772,0.0
CG15914,0.0
CG15394,0.0
CG15399,0.0
CG15435,0.0
CG15445,0.0
CG15449,0.0
CG1545,0.0
CG15478,0.0
CG15537,0.0
CG1504,0.0
CG15082,0.0
CG15098,0.0
CG15107,0.0
CG15160,0.0
CG15203,0.0
CG15209,0.0
CG15236,0.0
CG7630,0.0
CG7668,0.0
CG7692,0.0
CG7741,0.0
CG7766,0.0
CG7839,0.0
CG7879,0.0
CG7888,0.0
CG7386,0.0
CG7453,0.0
CG7518,0.0
CG7523,0.0
CG7544,0.0
CG7564,0.0
CG7607,0.0
CG7616,0.0
CG7133,0.0
CG7135,0.0
CG7137,0.0
CG7183,0.0
CG7191,0.0
CG7289,0.0
CG7324,0.0
CG7379,0.0
CG6723,0.0
CG6724,0.0
CG6734,0.0
CG6808,0.0
CG6910,0.0
CG6950,0.0
CG7049,0.0
CG7101,0.0
CG8858,0.0
CG8861,0.0
CG8910,0.0
CG8916,0.0
CG8950,0.0
CG9016,0.0
CG9021,0.0
CG9044,0.0
CG8435,0.0
CG8611,0.0
CG8620,0.0
CG8675,0.0
CG8679,0.0
CG8757,0.0
CG8833,0.0
CG8837,0.0
CG8112,0.0
CG8155,0.0
CG8204,0.0
CG8281,0.0
CG8289,0.0
CG8311,0.0
CG8388,0.0
CG8407,0.0
CG7927,0.0
CG7987,0.0
CG7988,0.0
CG7997,0.0
CG8038,0.0
CG8043,0.0
CG8066,0.0
CG8097,0.0
CG9743,0.0
CG9773,0.0
CG9776,0.0
CG9896,0.0
CG9932,0.0
CG9934,0.0
CheB42c,0.0
CG14257,0.0
CG9507,0.0
CG9527,0.0
CG9590,0.0
CG9628,0.0
CG9657,0.0
CG9663,0.0
CG9686,0.0
CG9691,0.0
CG9286,0.0
CG9300,0.0
CG9336,0.0
CG9346,0.0
CG9368,0.0
CG9389,0.0
CG9394,0.0
CG9436,0.0
CG9098,0.0
CG9107,0.0
CG9109,0.0
CG9143,0.0
CG9215,0.0
CG9220,0.0
CG9272,0.0
CG9279,0.0
CG15027,0.0
chm,0.0
Chrac-14,0.0
Cht6,0.0
cib,0.0
cindr,0.0
ckn,0.0
cm,0.0
CG14715,0.0
CG14722,0.0
CG14820,0.0
CG14837,0.0
CG14864,0.0
CG14882,0.0
CG14945,0.0
CG14968,0.0
CG14431,0.0
CG14438,0.0
CG14459,0.0
CG14502,0.0
CG14509,0.0
CG14687,0.0
CG14692,0.0
CG14712,0.0
CG14274,0.0
CG14300,0.0
CG14314,0.0
CG14322,0.0
CG14367,0.0
CG14372,0.0
CG14401,0.0
CG14411,0.0
CR43259,0.0
CR43264,0.0
CR43281,0.0
CR43334,0.0
CR43436,0.0
CR43461,0.0
CR43785,0.0
CR43825,0.0
CR31451,0.0
CR32733,0.0
CR32745,0.0
CR40190,0.0
CR42549,0.0
CR43148,0.0
CR43152,0.0
CR43212,0.0
conu,0.0
Corin,0.0
COX5B,0.0
Cpr51A,0.0
Cpr64Ad,0.0
cpx,0.0
CR12460,0.0
CR31386,0.0
cmb,0.0
Cngl,0.0
CNMa,0.0
CNMaR,0.0
cno,0.0
comm,0.0
Con,0.0
Cont,0.0
CR44716,0.0
CR44749,0.0
CR44776,0.0
CR44831,0.0
CR44894,0.0
CR44914,0.0
CR44938,0.0
CR44943,0.0
CR44347,0.0
CR44366,0.0
CR44396,0.0
CR44458,0.0
CR44474,0.0
CR44493,0.0
CR44506,0.0
CR44628,0.0
CR44024,0.0
CR44050,0.0
CR44067,0.0
CR44107,0.0
CR44119,0.0
CR44137,0.0
CR44206,0.0
CR44294,0.0
CR43849,0.0
CR43856,0.0
CR43859,0.0
CR43906,0.0
CR43944,0.0
CR43959,0.0
CR43963,0.0
CR44023,0.0
CR45621,0.0
CR45625,0.0
CR45674,0.0
CR45706,0.0
CR45736,0.0
CR45758,0.0
CR45911,0.0
CR45919,0.0
CR45388,0.0
CR45409,0.0
CR45470,0.0
CR45473,0.0
CR45479,0.0
CR45504,0.0
CR45566,0.0
CR45600,0.0
CR45139,0.0
CR45180,0.0
CR45223,0.0
CR45237,0.0
CR45312,0.0
CR45333,0.0
CR45347,0.0
CR45378,0.0
CR44987,0.0
CR44989,0.0
CR44997,0.0
CR45007,0.0
CR45054,0.0
CR45124,0.0
CR45126,0.0
CR45134,0.0
Cyp6a13,0.0
Cyp9f2,0.0
CysRS,0.0
Cyt-c1,0.0
D,0.0
CG13325,0.0
CG13366,0.0
CG13367,0.0
ct,0.0
CTCF,0.0
Ctr9,0.0
ctrip,0.0
cwo,0.0
Cyp1,0.0
Cyp4g15,0.0
Cyp4s3,0.0
CrebA,0.0
CREG,0.0
crm,0.0
cry,0.0
CrzR,0.0
Csat,0.0
Csk,0.0
CstF50,0.0
CR45951,0.0
CR45972,0.0
CR45979,0.0
CR46003,0.0
CR46006,0.0
CR46204,0.0
CR46271,0.0
crb,0.0
dac,0.0
dally,0.0
dan,0.0
danr,0.0
dao,0.0
Dat,0.0
DAT,0.0
dati,0.0
CG14075,0.0
CG14082,0.0
CG14141,0.0
CG14196,0.0
CG14215,0.0
CG14223,0.0
D2hgdh,0.0
Dab,0.0
CG13689,0.0
CG13896,0.0
CG13901,0.0
CG13933,0.0
CG13950,0.0
CG13954,0.0
CG1402,0.0
CG14024,0.0
CG13376,0.0
CG13384,0.0
CG13408,0.0
CG13605,0.0
CG13625,0.0
CG13630,0.0
CG13631,0.0
CG13685,0.0
Dlip1,0.0
dlp,0.0
DNApol-iota,0.0
dnd,0.0
dnr1,0.0
dom,0.0
Dop1R1,0.0
Dop1R2,0.0
DIP-gamma,0.0
DIP-theta,0.0
DIP-zeta,0.0
Dis3l2,0.0
disco,0.0
disco-r,0.0
Dl,0.0
Dlg5,0.0
Df31,0.0
Dh31,0.0
Dh44-R1,0.0
Dh44-R2,0.0
dimm,0.0
DIP-beta,0.0
DIP-delta,0.0
DIP-epsilon,0.0
Daxx,0.0
dbe,0.0
Dbi,0.0
dbo,0.0
Dbp21E2,0.0
DCTN3-p24,0.0
defl,0.0
del,0.0
Dyb,0.0
e,0.0
E5,0.0
ebd1,0.0
ebd2,0.0
EbpIII,0.0
ed,0.0
Edc3,0.0
Drgx,0.0
Drl-2,0.0
Dro,0.0
Dscam1,0.0
Dscam2,0.0
Dscam3,0.0
DUBAI,0.0
dve,0.0
dpr3,0.0
dpr4,0.0
dpr8,0.0
dpr9,0.0
dpy,0.0
Dr,0.0
Drep1,0.0
Drep3,0.0
Dop2R,0.0
DopEcR,0.0
dpr10,0.0
dpr13,0.0
dpr17,0.0
dpr18,0.0
dpr2,0.0
dpr20,0.0
fabp,0.0
fal,0.0
Fas2,0.0
Fas3,0.0
fax,0.0
Fbw5,0.0
fd59A,0.0
fend,0.0
Esyt2,0.0
Ets65A,0.0
Ets96B,0.0
Ets97D,0.0
euc,0.0
exp,0.0
e(y)2,0.0
eya,0.0
EloA,0.0
emb,0.0
EndoG,0.0
Ent1,0.0
Epac,0.0
ERR,0.0
Es2,0.0
Est-Q,0.0
EDTP,0.0
eEF1beta,0.0
Efa6,0.0
eIF2gamma,0.0
Eip63F-1,0.0
Eip74EF,0.0
Eip93F,0.0
Elk,0.0
GalNAc-T1,0.0
CG12502,0.0
CG12594,0.0
CG12608,0.0
CG12716,0.0
CG1275,0.0
CG12769,0.0
CG12773,0.0
fru,0.0
fs(2)ltoPP43,0.0
ftz-f1,0.0
Fur1,0.0
fuss,0.0
fz,0.0
Gad1,0.0
Gadd45,0.0
FMRFaR,0.0
fog,0.0
fok,0.0
for,0.0
foxo,0.0
fred,0.0
Frq1,0.0
frtz,0.0
FER,0.0
Fer1,0.0
Fic,0.0
Fie,0.0
Fife,0.0
Fkbp14,0.0
fkh,0.0
FMRFa,0.0
Gbs-76A,0.0
gce,0.0
Gclc,0.0
gdl,0.0
GEFmeso,0.0
gek,0.0
Gfrl,0.0
gfzf,0.0
CG13203,0.0
CG13204,0.0
CG13229,0.0
CG13231,0.0
Galphai,0.0
garz,0.0
GATAd,0.0
gb,0.0
CG13001,0.0
CG13005,0.0
CG13018,0.0
CG13054,0.0
CG13056,0.0
CG13088,0.0
CG13124,0.0
CG13185,0.0
CG12795,0.0
CG12836,0.0
CG12868,0.0
CG12877,0.0
CG12910,0.0
CG12926,0.0
CG12942,0.0
CG12994,0.0
GstE3,0.0
GstE6,0.0
GstT2,0.0
Gycbeta100B,0.0
H15,0.0
haf,0.0
hbn,0.0
HBS1,0.0
Grd,0.0
Grip163,0.0
Grip71,0.0
Gs2,0.0
GstD1,0.0
GstD11,0.0
GstE12,0.0
GstE2,0.0
GluRIA,0.0
GluRIB,0.0
Gmd,0.0
gny,0.0
gogo,0.0
Gpb5,0.0
Gr28b,0.0
Gr61a,0.0
gig,0.0
GILT1,0.0
GILT2,0.0
GILT3,0.0
Git,0.0
gl,0.0
Gld2,0.0
glu,0.0
Hsp60A,0.0
Hsp67Ba,0.0
CG11378,0.0
CG11399,0.0
CG11403,0.0
CG11407,0.0
CG11425,0.0
CG11426,0.0
hng3,0.0
hoe1,0.0
hoip,0.0
hop,0.0
Hsc70-3,0.0
Hsf,0.0
Hsl,0.0
Hsp27,0.0
HGTX,0.0
hid,0.0
Hipk,0.0
His2B:CG33868,0.0
His-Psi:CR31614,0.0
Hmgs,0.0
HmgZ,0.0
Hmr,0.0
HDAC6,0.0
hdc,0.0
HEATR2,0.0
heix,0.0
Hem,0.0
Hen1,0.0
heph,0.0
Hexo2,0.0
Hsp70Ab,0.0
Hsp70Ba,0.0
htl,0.0
I-3,0.0
IA-2,0.0
Ice2,0.0
Idgf3,0.0
Idgf4,0.0
CG12301,0.0
CG12325,0.0
CG1234,0.0
CG12484,0.0
CG12499,0.0
Hsp67Bc,0.0
Hsp68,0.0
Hsp70Aa,0.0
CG12010,0.0
CG12065,0.0
CG12128,0.0
CG12171,0.0
CG12179,0.0
CG12239,0.0
CG12253,0.0
CG12290,0.0
CG11596,0.0
CG11696,0.0
CG11723,0.0
CG11791,0.0
CG11807,0.0
CG11836,0.0
CG11906,0.0
CG12007,0.0
kek1,0.0
kek2,0.0
kek5,0.0
KFase,0.0
Kif3C,0.0
klg,0.0
Klp31E,0.0
Kmn1,0.0
JhI-26,0.0
jim,0.0
jing,0.0
jnj,0.0
JTBR,0.0
jub,0.0
jv,0.0
kat-60L1,0.0
Inx7,0.0
IP3K1,0.0
Ir76a,0.0
Irc,0.0
Irk2,0.0
ITP,0.0
Itp-r83A,0.0
jet,0.0
igl,0.0
ImpE1,0.0
ImpL2,0.0
ImpL3,0.0
Ino80,0.0
IntS12,0.0
Invadolysin,0.0
Inx2,0.0
Lmx1a,0.0
loj,0.0
lox,0.0
LpR1,0.0
LRP1,0.0
Lrpprc2,0.0
CG10616,0.0
CG10669,0.0
lbm,0.0
LeuRS-m,0.0
Lgr3,0.0
lid,0.0
Lim1,0.0
Liprin-alpha,0.0
Lkr,0.0
LKRSDH,0.0
l(2)37Cg,0.0
l(2)dtl,0.0
l(2)k10201,0.0
l(3)72Dp,0.0
l(3)76BDm,0.0
l(3)mbt,0.0
Lac,0.0
laccase2,0.0
kn,0.0
kto,0.0
kug,0.0
kuk,0.0
l(1)G0289,0.0
l(1)G0469,0.0
l(2)05714,0.0
l(2)37Cd,0.0
Ltn1,0.0
luna,0.0
mab-21,0.0
mAChR-A,0.0
Magi,0.0
mbc,0.0
MBD-R2,0.0
mbl,0.0
CG11221,0.0
CG11247,0.0
CG11284,0.0
CG11294,0.0
CG11307,0.0
CG11309,0.0
CG11317,0.0
Lsd-2,0.0
CG10970,0.0
CG10973,0.0
CG10979,0.0
CG11030,0.0
CG1105,0.0
CG11085,0.0
CG1113,0.0
CG11200,0.0
CG10738,0.0
CG10747,0.0
CG10804,0.0
CG10809,0.0
CG10863,0.0
CG10907,0.0
CG10927,0.0
CG10958,0.0
Mkp3,0.0
Mkrn1,0.0
Mmp2,0.0
Mms19,0.0
mnd,0.0
Mp,0.0
MRE23,0.0
mRRF1,0.0
mib1,0.0
mid,0.0
mio,0.0
Mip,0.0
mip130,0.0
mirr,0.0
Mis12,0.0
Mitf,0.0
MESK2,0.0
mew,0.0
Mf,0.0
mfas,0.0
mgl,0.0
Mhcl,0.0
mi,0.0
mia,0.0
mbt,0.0
Mcr,0.0
Mct1,0.0
m-cup,0.0
MED14,0.0
MED24,0.0
Meltrin,0.0
MEP-1,0.0
Myo95E,0.0
MYPT-75D,0.0
nAChRalpha3,0.0
nAChRalpha7,0.0
CCHa1,0.0
CCHa1-R,0.0
CCHa2,0.0
CCKLR-17D3,0.0
Muc14A,0.0
Mul1,0.0
mus201,0.0
Mvl,0.0
Myc,0.0
myo,0.0
Myo31DF,0.0
Myo81F,0.0
Mst36Fb,0.0
mTerf5,0.0
mthl1,0.0
mthl10,0.0
MtnA,0.0
mt:ND1,0.0
mt:tRNA:Arg-TCG,0.0
mt:tRNA:Cys-GCA,0.0
Mrtf,0.0
msd1,0.0
msi,0.0
msl-1,0.0
Msp300,0.0
mspo,0.0
MsR1,0.0
Msr-110,0.0
CG10550,0.0
Nelf-A,0.0
nemy,0.0
Nep2,0.0
nerfin-2,0.0
NetB,0.0
Neurl4,0.0
NFAT,0.0
CG10395,0.0
CG10433,0.0
CG10444,0.0
CG10462,0.0
CG10479,0.0
CG10494,0.0
CG10495,0.0
CG10527,0.0
CG10139,0.0
CG10195,0.0
CG10283,0.0
CG10344,0.0
CG10347,0.0
CG10366,0.0
CG10376,0.0
CG10384,0.0
Ccn,0.0
Ccz1,0.0
CdGAPr,0.0
Cdk2,0.0
cdm,0.0
ced-6,0.0
Cfp1,0.0
CG10126,0.0
Nsun2,0.0
nub,0.0
Nup214,0.0
Nup75,0.0
Nxf3,0.0
oaf,0.0
Oatp58Dc,0.0
obe,0.0
Nplp2,0.0
Nplp3,0.0
Nprl2,0.0
Nprl3,0.0
Nrk,0.0
Nrt,0.0
Nse4,0.0
nsl1,0.0
nonC,0.0
Nos,0.0
Nost,0.0
Not3,0.0
Npc2a,0.0
Npc2b,0.0
NPFR,0.0
Nplp1,0.0
Nha2,0.0
nito,0.0
Nle,0.0
Nlg3,0.0
Nlg4,0.0
Nna1,0.0
noi,0.0
nompB,0.0
park,0.0
pasi1,0.0
pasi2,0.0
PCB,0.0
pcx,0.0
Pcyt2,0.0
Pde11,0.0
Pde1c,0.0
Orct2,0.0
Oseg2,0.0
otk2,0.0
otp,0.0
out,0.0
oys,0.0
Panx,0.0
para,0.0
Oga,0.0
olf186-F,0.0
olf413,0.0
omd,0.0
ome,0.0
Optix,0.0
Or63a,0.0
Orc6,0.0
Obp18a,0.0
Obp57e,0.0
oc,0.0
ocm,0.0
Octbeta1R,0.0
Octbeta3R,0.0
Oct-TyrR,0.0
OdsH,0.0
PK2-R1,0.0
PK2-R2,0.0
Pka-C1,0.0
Pka-C3,0.0
Pka-R1,0.0
Pkc53E,0.0
ple,0.0
PNPase,0.0
PH4alphaEFB,0.0
Phax,0.0
pHCl-1,0.0
pho,0.0
PI4KIIIalpha,0.0
PIG-G,0.0
PIG-S,0.0
PIG-X,0.0
Pdp,0.0
Pdp1,0.0
PEK,0.0
pelo,0.0
Pex1,0.0
Pex10,0.0
pgant2,0.0
pgant5,0.0
Pde6,0.0
Pde8,0.0
Pdf,0.0
Pdfr,0.0
pdgy,0.0
Pdh,0.0
Pdi,0.0
pdm3,0.0
pzg,0.0
Pzl,0.0
qkr58E-1,0.0
RabX5,0.0
Br140,0.0
brat,0.0
brn,0.0
bru3,0.0
Ptpmeg,0.0
Ptx1,0.0
Pura,0.0
Pvf3,0.0
Pvr,0.0
PVRAP,0.0
pyd,0.0
pyr,0.0
PpV,0.0
prage,0.0
pre-rRNA:CR45845,0.0
Proc,0.0
pros,0.0
prt,0.0
Ptp4E,0.0
PTP-ER,0.0
pnt,0.0
Pol32,0.0
porin,0.0
POSH,0.0
Pp1-13C,0.0
Ppa,0.0
ppan,0.0
Ppox,0.0
Rad60,0.0
Ranbp21,0.0
ranshi,0.0
Rassf,0.0
Rbf,0.0
Rbp6,0.0
Rbp9,0.0
Rcd1,0.0
caup,0.0
CBP,0.0
Cbs,0.0
cbt,0.0
CCAP-R,0.0
rad,0.0
Rad17,0.0
rad50,0.0
CAH1,0.0
cal1,0.0
Calr,0.0
Camta,0.0
CAP,0.0
Capa,0.0
Cap-G,0.0
caps,0.0
brun,0.0
bsh,0.0
Btk29A,0.0
btsz,0.0
Bx,0.0
c(3)G,0.0
Ca-alpha1T,0.0
CadN2,0.0
robo2,0.0
Roc1b,0.0
roh,0.0
Rok,0.0
RpI135,0.0
RpL17,0.0
RpL18,0.0
RpL22,0.0
RhoGAP1A,0.0
RhoGEF2,0.0
ric8a,0.0
RIOK1,0.0
RIOK2,0.0
Ripalpha,0.0
rn,0.0
robo1,0.0
Rgk3,0.0
rgn,0.0
Rh2,0.0
Rh3,0.0
Rh7,0.0
rhea,0.0
rho,0.0
RhoGAP102A,0.0
rdgA,0.0
rdgC,0.0
rdo,0.0
Reck,0.0
RecQ5,0.0
RFeSP,0.0
Rfx,0.0
Rgk2,0.0
ru,0.0
RunxA,0.0
RYa-R,0.0
S1P,0.0
SA,0.0
sad,0.0
Saf6,0.0
sage,0.0
RpS21,0.0
RpS23,0.0
RpS3,0.0
RpS5a,0.0
RpS5b,0.0
RpS9,0.0
Rrp42,0.0
rst,0.0
RpL9,0.0
Rpn13R,0.0
rpr,0.0
RpS10b,0.0
RpS13,0.0
RpS15,0.0
RpS17,0.0
RpS19a,0.0
RpL23A,0.0
RpL27,0.0
RpL29,0.0
RpL30,0.0
RpL32,0.0
RpL35,0.0
RpL37A,0.0
RpL41,0.0
Sf3b2,0.0
Sf3b3,0.0
sfl,0.0
Sfmbt,0.0
Sgf11,0.0
shakB,0.0
shams,0.0
Shaw,0.0
Sec5,0.0
Sec8,0.0
sel,0.0
Sema2a,0.0
sesB,0.0
Sesn,0.0
sev,0.0
Sf3a1,0.0
Scr,0.0
scrib,0.0
scro,0.0
scrt,0.0
scyl,0.0
Sdc,0.0
Sec24AB,0.0
Sec31,0.0
salr,0.0
Samuel,0.0
sano,0.0
Sap30,0.0
Sas-6,0.0
Sbf,0.0
sca,0.0
scny,0.0
SMC3,0.0
SMC5,0.0
smg,0.0
smo,0.0
AttC,0.0
Axs,0.0
b,0.0
bab1,0.0
skl,0.0
sli,0.0
Slip1,0.0
SLO2,0.0
Slob,0.0
slou,0.0
SMC1,0.0
SMC2,0.0
Sin3A,0.0
sip3,0.0
Sirt6,0.0
Sirup,0.0
Six4,0.0
siz,0.0
SK,0.0
SKIP,0.0
shg,0.0
shi,0.0
sif,0.0
SIFa,0.0
SIFaR,0.0
simj,0.0
Sin,0.0
Sin1,0.0
Smurf,0.0
Smyd4-1,0.0
Smyd5,0.0
sni,0.0
Snoo,0.0
sNPF,0.0
sNPF-R,0.0
snRNA:7SK,0.0
bin3,0.0
Blm,0.0
blow,0.0
bma,0.0
Bmcp,0.0
bnb,0.0
bon,0.0
br,0.0
beat-Va,0.0
beat-Vb,0.0
beat-Vc,0.0
beat-VI,0.0
beat-VII,0.0
betaTub56D,0.0
bi,0.0
bib,0.0
bab2,0.0
beat-Ib,0.0
beat-Ic,0.0
beat-IIa,0.0
beat-IIb,0.0
beat-IIIb,0.0
beat-IIIc,0.0
beat-IV,0.0
Sry-delta,0.0
Ssadh,0.0
Ssk,0.0
ssp7,0.0
stac,0.0
ste14,0.0
Strn-Mlck,0.0
stum,0.0
spn-A,0.0
Spps,0.0
SPR,0.0
sprt,0.0
Spt20,0.0
squ,0.0
sr,0.0
Src64B,0.0
SoxN,0.0
SP1029,0.0
spab,0.0
spag,0.0
SPARC,0.0
spartin,0.0
spin,0.0
Spn43Ab,0.0
snRNA:U4atac:82E,0.0
Snx16,0.0
snz,0.0
sona,0.0
sosie,0.0
Sox102F,0.0
Sox14,0.0
Sox21b,0.0
THADA,0.0
Thor,0.0
tim,0.0
Timp,0.0
Tis11,0.0
Tk,0.0
TkR86C,0.0
TkR99D,0.0
Tango6,0.0
Tasp1,0.0
Tbc1d15-17,0.0
Tbh,0.0
Tctp,0.0
Tdc2,0.0
Ten-m,0.0
TfAP-2,0.0
svr,0.0
SWIP,0.0
Sytbeta,0.0
Syx4,0.0
Taf6,0.0
Taldo,0.0
tamo,0.0
Tango14,0.0
stumps,0.0
stwl,0.0
sty,0.0
Sulf1,0.0
Su(z)12,0.0
sv,0.0
Svil,0.0
svp,0.0
Try29F,0.0
TSG101,0.0
tsh,0.0
Tsp42Ef,0.0
ana2,0.0
AnxB9,0.0
aop,0.0
aph-1,0.0
TrissinR,0.0
trn,0.0
Trn-SR,0.0
trol,0.0
TrpA1,0.0
Trpgamma,0.0
Trpm,0.0
trv,0.0
toy,0.0
Traf6,0.0
Treh,0.0
Tret1-1,0.0
Trf2,0.0
trh,0.0
Trim9,0.0
Trissin,0.0
Tl,0.0
tld,0.0
tna,0.0
tnc,0.0
Tnks,0.0
tok,0.0
Toll-6,0.0
Topors,0.0
zfh2,0.0
Zip71B,0.0
ZIPIC,0.0
Zir,0.0
zld,0.0
ZnT86D,0.0
Zw10,0.0
alrm,0.0
Usp8,0.0
Utx,0.0
uzip,0.0
wun2,0.0
XRCC1,0.0
5-HT1A,0.0
yip2,0.0
ZC3H3,0.0
Uhg3,0.0
Uhg5,0.0
Uhg8,0.0
unc-13-4A,0.0
upd2,0.0
UQCR-14,0.0
UQCR-Q,0.0
Usp10,0.0
twit,0.0
twz,0.0
U3-55K,0.0
Ufl1,0.0
Ugt,0.0
Ugt35b,0.0
Ugt86Dd,0.0
Uhg1,0.0
Wdr62,0.0
wech,0.0
whd,0.0
wnd,0.0
Wnk,0.0
Wnt4,0.0
wry,0.0
wtrw,0.0
Vps25,0.0
vri,0.0
Vsx1,0.0
vvl,0.0
wapl,0.0
WASp,0.0
wat,0.0
wda,0.0
Vha68-2,0.0
VhaM9.7-c,0.0
vimar,0.0
vir,0.0
vir-1,0.0
vito,0.0
vkg,0.0
Vmat,0.0
Amnionless,0.0
amon,0.0
Amun,0.0
amx,0.0
velo,0.0
vg,0.0
VGAT,0.0
VGlut,0.0
